station_id,name,province,lon_gcj,lat_gcj,lon_wgs,lat_wgs,river_ref,hyriv_id,next_down,dis_av_cms,ord_stra,snap_dist_m,matched
taihu_001,三甲港,上海市,121.785769,31.193231,121.781434,31.195287,川杨河,40636807,40637096,332.69,6,52002.7,False
taihu_002,临江,上海市,121.194699,31.801399,121.190171,31.803291,黄浦江,40623116,0,0.56,2,13104.2,False
taihu_003,二团,上海市,121.754522,31.013867,121.750165,31.015999,大治河,40642580,40645451,1.24,2,50905.7,False
taihu_004,吴淞口,上海市,121.522058,31.392691,121.517691,31.394713,黄浦江,40630640,40629683,0.7,2,28387.6,False
taihu_005,太浦河桥,上海市,121.041476,31.023111,121.036968,31.025132,太浦河,40644715,40644845,8.79,4,48.0,True
taihu_006,急水港桥,上海市,120.917036,31.115509,120.912884,31.117775,急水港,40641649,40642726,1.17,2,353.9,True
taihu_007,斜塘口,上海市,121.12989,31.005464,121.125311,31.007445,园泄泾,40646746,40646895,10.23,4,259.6,True
taihu_008,明星路桥,上海市,121.571838,30.924535,121.567639,30.926892,面杖港,40649019,40647378,0.44,1,33752.2,False
taihu_009,明星路桥（撤销）,上海市,121.571838,30.924535,121.567639,30.926892,面杖港,40649019,40647378,0.44,1,33752.2,False
taihu_010,横潦泾,上海市,121.204222,30.949895,121.199783,30.952035,大泖港,40647377,40647378,19.47,4,170.0,True
taihu_011,汾湖大桥(界标),上海市,120.872697,31.032082,120.868543,31.034383,太浦河,40643876,40643160,0.3,1,2210.8,False
taihu_012,浙江路桥,上海市,121.476553,31.241434,121.472038,31.243379,苏州河,40636807,40637096,332.69,6,22161.7,False
taihu_013,淀峰,上海市,120.985569,31.088307,120.98125,31.09045,黄浦江,40642579,40642872,1.88,3,62.6,True
taihu_014,蕴川路桥,上海市,121.423992,31.40073,121.419338,31.402512,新练祁河,40630640,40629683,0.7,2,19028.0,False
taihu_015,钱桥,上海市,121.541336,30.872458,121.537074,30.874791,金汇港,40651669,40651352,0.52,1,29902.2,False
taihu_016,闵行西界,上海市,0.0,0.0,0.0,0.0,黄浦江,40618665,40616939,0.52,1,18048025.7,False
taihu_017,闵行西界(松浦大桥),上海市,121.312408,30.96988,121.307922,30.971979,黄浦江,40647377,40647378,19.47,4,9307.9,False
taihu_018,黄渡,上海市,121.225288,31.276424,121.220848,31.278415,苏州河,40636807,40637096,332.69,6,2432.0,False
taihu_019,清平镇大庙村（摇金）,四川省,104.95491,28.898659,104.952154,28.901956,南溪河,40653502,40653501,0.83,2,1389760.3,False
taihu_020,清平镇大庙村（摇金）（撤销）,四川省,104.95491,28.898659,104.952154,28.901956,南溪河,40653502,40653501,0.83,2,1389760.3,False
taihu_021,东村桥,安徽省,0.0,0.0,0.0,0.0,水阳江,40618665,40616939,0.52,1,18048025.7,False
taihu_022,殷桥,安徽省,117.2443,31.618256,117.23884,31.620245,梅溧河,40622964,40620063,2.06,2,158701.9,False
taihu_023,312国道桥,江苏省,120.640035,31.342268,120.63583,31.344405,望虞河,40633340,40632900,0.21,1,1484.6,True
taihu_024,东潘桥,江苏省,119.393936,33.187639,119.388371,33.18912,德胜河,40618507,40616823,2.11,2,150333.1,False
taihu_025,东潘桥（搬迁）,江苏省,0.0,0.0,0.0,0.0,德胜河,40618665,40616939,0.52,1,18048025.7,False
taihu_026,乌龟山南,江苏省,119.021234,31.620979,119.015947,31.622878,太湖,40623394,40623113,0.12,1,2562.6,False
taihu_027,九号桥,江苏省,0.0,0.0,0.0,0.0,澡港河,40618665,40616939,0.52,1,18048025.7,False
taihu_028,五牧,江苏省,120.154207,31.678267,120.149389,31.680086,京杭运河,40621869,40621515,0.22,1,2147.4,False
taihu_029,五里湖心,江苏省,118.897236,33.597258,118.89207,33.59889,太湖,40618665,40616939,0.52,1,194969.2,False
taihu_030,兰山嘴,江苏省,119.89146,31.211617,119.886814,31.213851,太湖,40638248,40638655,109.11,5,1157.2,True
taihu_031,兰山嘴(老),江苏省,119.914114,31.210866,119.909486,31.2131,太湖,40638248,40638655,109.11,5,174.6,True
taihu_032,千灯浦口,江苏省,118.763232,32.061707,118.758009,32.063748,千灯浦,40618665,40616939,0.52,1,29873.9,False
taihu_033,吕城,江苏省,120.304898,31.488754,120.300299,31.490656,京杭运河,40627964,40627819,0.85,2,2663.8,False
taihu_034,大浦港桥,江苏省,119.506363,31.635595,119.501225,31.637569,大浦港,40623789,40626338,22.67,4,872.8,True
taihu_035,大港桥,江苏省,120.288398,32.090435,120.283765,32.092428,大港河,40618373,40618234,0.18,1,31845.9,False
taihu_036,姚巷桥,江苏省,119.239627,31.306263,119.234431,31.308281,武进港,40635952,40634328,1.39,2,218.1,True
taihu_037,拖山,江苏省,120.135477,31.405592,120.130632,31.407409,太湖,40631817,40632232,0.61,1,58.8,True
taihu_038,新港桥,江苏省,120.00259,31.758783,119.997772,31.760732,捆山河,40621760,40618371,0.75,1,267.2,True
taihu_039,望亭上游,江苏省,120.427174,31.452117,120.422512,31.453905,京杭运河,40630097,40630253,0.13,1,38.5,True
taihu_040,朱厍港口,江苏省,119.949664,32.570502,119.944894,32.572658,朱厍港,40620326,40620470,0.59,1,80563.9,False
taihu_041,林家闸,江苏省,119.850415,31.22454,119.845677,31.226721,九曲河,40637238,40637700,2.0,2,1427.2,True
taihu_042,殷村港桥,江苏省,119.838119,31.503261,119.833321,31.505333,太滆南运河,40627417,40627127,0.15,1,2644.6,False
taihu_043,江边闸,江苏省,120.810987,31.768555,120.806654,31.770563,望虞河,40621376,0,1.34,1,101.5,True
taihu_044,沙渚,江苏省,0.0,0.0,0.0,0.0,太湖,40618665,40616939,0.52,1,18048025.7,False
taihu_045,洪巷桥,江苏省,120.977622,31.87893,120.973265,31.880958,洪巷港,40619933,0,0.13,1,13422.1,False
taihu_046,浏河闸,江苏省,121.276419,31.515118,121.271951,31.51704,浏河,40629683,40629076,3.14,3,5823.5,False
taihu_047,潘家坝,江苏省,118.532748,31.925323,118.527636,31.927427,南溪河,40618665,40616939,0.52,1,40128.2,False
taihu_048,瓜泾口西,江苏省,120.661595,31.191479,120.657363,31.193643,吴淞江,40639083,40638930,305.34,6,450.1,True
taihu_049,百渎港桥,江苏省,120.254645,32.687943,120.249965,32.689914,百渎港,40618508,40618082,0.56,1,96926.0,False
taihu_050,胥湖心,江苏省,118.752935,32.032782,118.747712,32.034814,太湖,40618665,40616939,0.52,1,27934.7,False
taihu_051,航管站,江苏省,120.558677,30.831855,120.554494,30.834261,胥江,40652451,40651513,2.4,3,1600.4,True
taihu_052,落蓬湾,江苏省,119.223289,31.346315,119.218075,31.348308,胥河,40633185,40633055,3.98,3,881.6,True
taihu_053,蠡桥,江苏省,120.284393,31.554449,120.27981,31.556373,梁溪河,40627688,40627964,0.2,1,1678.2,True
taihu_054,西山,江苏省,0.0,0.0,0.0,0.0,太湖,40618665,40616939,0.52,1,18048025.7,False
taihu_055,赵屯(石浦大桥),江苏省,120.875192,31.433021,120.871008,31.435148,吴淞江,40632234,40634727,0.39,1,3208.4,False
taihu_056,越溪桥,江苏省,120.973408,31.388542,120.969106,31.390586,苏东河,40632084,40634335,0.93,2,835.9,True
taihu_057,辛丰镇,江苏省,119.57278,32.123444,119.567808,32.125653,京杭运河,40618961,40619381,0.54,2,35012.9,False
taihu_058,金潼桥,江苏省,120.32641,31.910246,120.321743,31.912134,白屈港,40618373,40618234,0.18,1,11745.4,False
taihu_059,钓邾大桥,江苏省,120.556522,31.577007,120.552273,31.579094,新兴塘河-九里河,40625636,40625227,1.41,2,239.2,True
taihu_060,钱家渡,江苏省,118.901999,31.800701,118.897,31.802866,官溪河,40618665,40616939,0.52,1,5000.5,False
taihu_061,锡东水厂,江苏省,120.474809,31.671141,120.470264,31.673008,太湖,40622672,40620471,0.88,1,2062.1,False
taihu_062,长济桥,江苏省,120.204109,31.907854,120.199416,31.909797,新夏港河,40619094,40618372,8.22,3,12396.3,False
taihu_063,阳澄湖心,江苏省,120.869564,31.460995,120.865371,31.463109,阳澄湖,40629680,40630100,0.18,1,764.6,True
taihu_064,陈东港,江苏省,119.936482,31.318337,119.931838,31.320501,陈东港,40634904,40635377,18.35,4,686.3,True
taihu_065,黄埝桥,江苏省,119.607156,31.830233,119.602244,31.83239,丹金溧漕河,40618962,40621109,4.85,3,3363.5,False
taihu_066,上塘河排涝闸,浙江省,120.221154,30.367019,120.216631,30.369445,上塘河,40668424,40667775,0.26,1,3884.0,False
taihu_067,乌镇北,浙江省,120.487901,30.742701,120.483484,30.74497,澜溪塘,40656126,40656261,1.0,2,1640.4,True
taihu_068,五杭运河大桥,浙江省,120.407333,30.147737,120.402756,30.150011,京杭运河,40669058,40670227,3.57,2,25577.1,False
taihu_069,南台头闸一号桥,浙江省,120.948967,30.505958,120.944809,30.508492,海盐塘,40664065,0,0.16,1,717.8,True
taihu_070,南浔,浙江省,120.418512,30.84969,120.413888,30.851758,頔塘,40650751,40650750,0.56,2,498.2,True
taihu_071,卫八路桥（嘉兴金桥）,浙江省,120.152791,30.267446,120.14809,30.269771,黄姑塘,40668910,40666925,0.31,1,12295.4,False
taihu_072,卫八路桥（嘉兴金桥）(新),浙江省,121.421234,29.311352,121.416754,29.313816,黄姑塘,40669398,0,12.15,4,128205.8,False
taihu_073,卫八路桥（嘉兴金桥）（撤销）,浙江省,120.727069,30.826761,120.722753,30.829027,黄姑塘,40654116,40650754,0.71,1,1718.4,True
taihu_074,合溪,浙江省,119.704038,28.322041,119.699316,28.325343,合溪新港,40669387,40671336,1.01,1,226703.2,False
taihu_075,城南翻水站,浙江省,120.554155,30.402384,120.549996,30.404956,东苕溪,40667578,40667923,1.13,1,3427.4,False
taihu_076,城西大桥,浙江省,120.897324,29.506424,120.893307,29.509149,东苕溪,40669398,0,12.15,4,95319.3,False
taihu_077,塘浦,浙江省,119.602837,30.640482,119.598028,30.643033,西苕溪,40658597,40658766,21.69,4,542.0,True
taihu_078,大钱,浙江省,120.177691,30.921099,120.173009,30.923225,大钱港,40648868,40647855,0.17,1,590.8,True
taihu_079,奉口,浙江省,120.070573,30.442504,120.065743,30.444763,东苕溪,40666713,40665578,43.17,5,111.5,True
taihu_080,小新村,浙江省,121.121247,30.78938,121.116677,30.791477,广陈塘,40653961,40655517,1.17,2,633.0,True
taihu_081,小梅口,浙江省,120.101914,30.963576,120.097047,30.965577,小梅港,40647525,40646160,97.45,5,8.8,True
taihu_082,尤甪村,浙江省,120.805238,30.616051,120.800989,30.618463,海盐塘,40660077,40661668,0.38,1,430.2,True
taihu_083,斜路港,浙江省,0.0,0.0,0.0,0.0,斜路港河,40618665,40616939,0.52,1,18048025.7,False
taihu_084,新塘,浙江省,119.833412,28.494492,119.82885,28.497819,长兴港,40669387,40671336,1.01,1,208073.0,False
taihu_085,新港口(新塘港),浙江省,120.100511,30.890904,120.095649,30.892947,西苕溪,40649456,40649302,3.58,3,195.7,True
taihu_086,朱枫公路桥（清凉大桥）,浙江省,0.0,0.0,0.0,0.0,蒲泽塘,40618665,40616939,0.52,1,18048025.7,False
taihu_087,杨家浦,浙江省,121.543023,28.439517,121.538957,28.442855,杨家浦港,40669398,0,12.15,4,223037.0,False
taihu_088,枫南大桥,浙江省,120.894048,30.848742,120.889925,30.851167,枫泾塘,40652756,40652918,0.68,2,443.1,True
taihu_089,池家浜水文站,浙江省,120.994556,30.724406,120.990235,30.72673,俞汇塘,40655226,40657175,0.79,1,1942.7,True
taihu_090,汤溇,浙江省,120.342285,30.939381,120.337677,30.941456,汤溇,40647857,40647373,1.57,2,28.1,True
taihu_091,汪家埠,浙江省,119.866868,30.25332,119.862255,30.255941,南苕溪,40669054,40669391,7.07,3,13478.4,False
taihu_092,清凉大桥,浙江省,119.538923,30.370015,119.534017,30.372575,蒲泽塘,40668908,40670054,0.59,1,1987.0,True
taihu_093,清凉大桥（撤销）,浙江省,119.538923,30.370015,119.534017,30.372575,蒲泽塘,40668908,40670054,0.59,1,1987.0,True
taihu_094,湘家荡,浙江省,120.604399,30.030173,120.60033,30.032814,湘家荡,40669059,40669060,6.65,3,40352.4,False
taihu_095,漕廊公路桥,浙江省,121.287508,30.788164,121.283086,30.790408,惠高泾,40651669,40651352,0.52,1,7644.1,False
taihu_096,漕廊公路桥(新),浙江省,121.287508,30.788164,121.283086,30.790408,惠高泾,40651669,40651352,0.52,1,7644.1,False
taihu_097,漕廊公路桥（撤销）,浙江省,120.152791,30.267446,120.14809,30.269771,惠高泾,40668910,40666925,0.31,1,12295.4,False
taihu_098,王江泾,浙江省,120.70952,30.884998,120.70522,30.88725,京杭运河,40650754,40647526,2.02,2,1893.9,True
taihu_099,盐官排涝枢纽,浙江省,120.545629,30.402274,120.541447,30.404829,盐官下河,40667578,40667923,1.13,1,3089.4,False
taihu_100,红旗塘大坝,浙江省,120.914013,30.856484,120.909885,30.858902,红旗塘,40650619,40652756,0.3,1,1560.9,True
taihu_101,荆湾,浙江省,119.780421,30.82326,119.775524,30.825549,西苕溪,40651988,40651989,0.38,1,526.3,True
taihu_102,铁路桥,浙江省,119.973122,30.301193,119.968503,30.303726,西苕溪,40668228,40668229,0.17,1,10457.2,False
taihu_103,长山闸一号桥,浙江省,120.948956,30.505918,120.944799,30.508452,长山河,40664065,0,0.16,1,713.2,True
taihu_104,青阳汇,浙江省,121.102536,30.814378,121.097955,30.816451,上海塘,40652758,40653068,0.14,1,1340.3,True
taihu_105,顾家桥,浙江省,122.099384,30.012424,122.09502,30.014676,京杭运河,40656853,0,3.01,2,109397.0,False
