credit_code,enterprise_name,outlet_code,outlet_name,outlet_type,discharge_to,target_water,major_pollutants,remark
91320205A8062806XD,无锡市东北塘宏良染色厂,DW003,企业废水总排放口,,,,NH3N/COD,
91320205A8062806XD,无锡市东北塘宏良染色厂,DW004,车间废水排放口,,,,,
91330502734506772N,湖州三友印染有限公司,DW002,污水排放口1,,,,COD/NH3N/COD/NH3N,
913305027332233087,浙江大港印染有限公司,DW001,废水总排口,,,,NH3N/COD/NH3N/COD/NH3N/COD/COD/NH3N/COD/NH3N/COD/NH3N/COD/COD/NH3N/COD/NH3N/COD/NH3N/COD/NH3N/COD/COD/NH3N/COD/NH3N/TN/TP/TN/TP/COD/NH3N/TN/NH3N/TP/COD/COD/TN/TP/NH3N/COD/TP/NH3N/TN/TP/COD/TN/NH3N/COD/COD/COD/COD/COD/COD/NH3N/TN/TP/COD,
91330502147023485D,湖州金牛纺织印染实业有限公司,DW001,污水排放口,,,,NH3N/COD/NH3N/COD/NH3N/COD/COD/NH3N/COD/NH3N/COD/NH3N/COD/COD/NH3N/COD/NH3N/COD/NH3N/COD/NH3N/COD/COD/NH3N/COD/NH3N/TN/TP/TN/TP/COD/NH3N/TN/NH3N/TP/COD/COD/TN/TP/NH3N/COD/TP/NH3N/TN/TP/COD/TN/NH3N/COD/COD/COD/COD/COD/COD/NH3N/TN/TP/COD,
91330521557545067M,浙江龙威印染有限公司,DW001,龙威污水处理站,,,,NH3N/COD/NH3N/COD/NH3N/COD/COD/NH3N/COD/NH3N/COD/NH3N/COD/COD/NH3N/COD/NH3N/COD/NH3N/COD/NH3N/COD/COD/NH3N/COD/NH3N/TN/TP/TN/TP/COD/NH3N/TN/NH3N/TP/COD/COD/TN/TP/NH3N/COD/TP/NH3N/TN/TP/COD/TN/NH3N/COD/COD/COD/COD/COD/COD/NH3N/TN/TP/COD,
913305007519080792,浙江钱江纺织印染有限公司,DW001,钱江阳光排放口,,,,NH3N/COD/NH3N/COD/NH3N/COD/COD/NH3N/COD/NH3N/COD/NH3N/COD/COD/NH3N/COD/NH3N/COD/NH3N/COD/NH3N/COD/COD/NH3N/COD/NH3N/TN/TP/TN/TP/COD/NH3N/TN/NH3N/TP/COD/COD/TN/TP/NH3N/COD/TP/NH3N/TN/TP/COD/TN/NH3N/COD/COD/COD/COD/COD/COD/NH3N/TN/TP/COD,
91330502704448495M,湖州复兴纺织印染有限公司,DW001,总排放口,,,,NH3N/COD/NH3N/COD/NH3N/COD/COD/NH3N/COD/NH3N/COD/NH3N/COD/COD/NH3N/COD/NH3N/COD/NH3N/COD/NH3N/COD/COD/NH3N/COD/NH3N/TN/TP/TN/TP/COD/NH3N/TN/NH3N/TP/COD/COD/TN/TP/NH3N/COD/TP/NH3N/TN/TP/COD/TN/NH3N/COD/COD/COD/COD/COD/COD/NH3N/TN/TP/COD,
913305006095842023,浙江华源应用新材料股份有限公司,DW001,废水总排口,,,,NH3N/COD/NH3N/COD/NH3N/COD/COD/NH3N/COD/NH3N/COD/NH3N/COD/COD/NH3N/COD/NH3N/COD/NH3N/COD/NH3N/COD/COD/NH3N/COD/NH3N/TN/TP/TN/TP/COD/NH3N/TN/NH3N/TP/COD/COD/TN/TP/NH3N/COD/TP/NH3N/TN/TP/COD/TN/NH3N/COD/COD/COD/COD/COD/COD/NH3N/TN/TP/COD,
913305006095858382,漂莱特(中国)有限公司,DW001,废水总排口,,,,NH3N/COD/NH3N/COD/NH3N/COD/COD/NH3N/COD/NH3N/COD/NH3N/COD/COD/NH3N/COD/NH3N/COD/NH3N/COD/NH3N/COD/COD/NH3N/COD/NH3N/TN/TP/TN/TP/COD/NH3N/TN/NH3N/TP/COD/COD/TN/TP/NH3N/COD/TP/NH3N/TN/TP/COD/TN/NH3N/COD/COD/COD/COD/COD/COD/NH3N/TN/TP/COD,
91330521569388863L,英格瓷(浙江)锆业有限公司,DW001,废水总排放口,,,,NH3N/COD/NH3N/COD/NH3N/COD/COD/NH3N/COD/NH3N/COD/NH3N/COD/COD/NH3N/COD/NH3N/COD/NH3N/COD/NH3N/COD/COD/NH3N/COD/NH3N/TN/TP/TN/TP/COD/NH3N/TN/NH3N/TP/COD/COD/TN/TP/NH3N/COD/TP/NH3N/TN/TP/COD/TN/NH3N/COD/COD/COD/COD/COD/COD/NH3N/TN/TP/COD,
91330521569388863L,英格瓷(浙江)锆业有限公司,DW003,车间或生产设施排放口,,,,NH3N/COD,
91330521MA29J05A6N,浙江拜克生物科技有限公司,DW001,污水总排口,,,,NH3N/COD/NH3N/COD/NH3N/COD/COD/NH3N/COD/NH3N/COD/NH3N/COD/COD/NH3N/COD/NH3N/COD/NH3N/COD/NH3N/COD/COD/NH3N/COD/NH3N/TN/TP/TN/TP/COD/NH3N/TN/NH3N/TP/COD/COD/TN/TP/NH3N/COD/TP/NH3N/TN/TP/COD/TN/NH3N/COD/COD/COD/COD/COD/COD/NH3N/TN/TP/COD,
91330521MA29J05A6N,浙江拜克生物科技有限公司,DW010,脱硫废水排放口,,,,COD/NH3N,
91330500704459653Q,浙江拓普药业股份有限公司,DW001,综合排放口,,,,NH3N/COD/NH3N/COD/NH3N/COD/COD/NH3N/COD/NH3N/COD/NH3N/COD/COD/NH3N/COD/NH3N/COD/NH3N/COD/NH3N/COD/COD/NH3N/COD/NH3N/TN/TP/TN/TP/COD/NH3N/TN/NH3N/TP/COD/COD/TN/TP/NH3N/COD/TP/NH3N/TN/TP/COD/TN/NH3N/COD/COD/COD/COD/COD/COD/NH3N/TN/TP/COD,
913305007195378967,浙江浙北药业有限公司,DW002,废水总排放口,,,,COD/NH3N/COD/NH3N,
91330521732436475P,德清县上峰纸业有限公司,DW001,废水总排口,,,,NH3N/COD/NH3N/COD/NH3N/COD/COD/NH3N/COD/NH3N/COD/NH3N/COD/COD/NH3N/COD/NH3N/COD/NH3N/COD/NH3N/COD/COD/NH3N/COD/NH3N/TN/TP/TN/TP/COD/NH3N/TN/NH3N/TP/COD/COD/TN/TP/NH3N/COD/TP/NH3N/TN/TP/COD/TN/NH3N/COD/COD/COD/COD/COD/COD/NH3N/TN/TP/COD,
913305211471190143,湖州市韶春纸业有限公司,DW001,韶春纸业废水排放口,,,,NH3N/COD/NH3N/COD/NH3N/COD/COD/NH3N/COD/NH3N/COD/NH3N/COD/COD/NH3N/COD/NH3N/COD/NH3N/COD/NH3N/COD/COD/NH3N/COD/NH3N/TN/TP/TN/TP/COD/NH3N/TN/NH3N/TP/COD/COD/TN/TP/NH3N/COD/TP/NH3N/TN/TP/COD/TN/NH3N/COD/COD/COD/COD/COD/COD/NH3N/TN/TP/COD,
913305211470844729,湖州新天纸业有限公司,DW001,综合废水排放口,,,,NH3N/COD/NH3N/COD/NH3N/COD/COD/NH3N/COD/NH3N/COD/NH3N/COD/COD/NH3N/COD/NH3N/COD/NH3N/COD/NH3N/COD/COD/NH3N/COD/NH3N/TN/TP/TN/TP/COD/NH3N/TN/NH3N/TP/COD/COD/TN/TP/NH3N/COD/TP/NH3N/TN/TP/COD/TN/NH3N/COD/COD/COD/COD/COD/COD/NH3N/TN/TP/COD,
913305001470538522,湖州市水务集团有限公司(市北污水处理厂),DW001,废水标准排放口,,,,NH3N/COD/NH3N/COD/NH3N/COD/COD/NH3N/COD/NH3N/COD/NH3N/COD/COD/NH3N/COD/NH3N/COD/NH3N/COD/NH3N/COD/COD/NH3N/COD/NH3N/TN/TP/TN/TP/COD/NH3N/TN/NH3N/TP/COD/COD/TN/TP/NH3N/COD/TP/NH3N/TN/TP/COD/TN/NH3N/COD/COD/COD/COD/COD/COD/NH3N/TN/TP/COD,
91330502770749069W,浙江湖州金洁水务股份有限公司,DW001,总排放口DW001,,,,NH3N/COD/NH3N/COD/NH3N/COD/COD/NH3N/COD/NH3N/COD/NH3N/COD/COD/NH3N/COD/NH3N/COD/NH3N/COD/NH3N/COD/COD/NH3N/COD/NH3N/TN/TP/TN/TP/COD/NH3N/TN/NH3N/TP/COD/COD/TN/TP/NH3N/COD/TP/NH3N/TN/TP/COD/TN/NH3N/COD/COD/COD/COD/COD/COD/NH3N/TN/TP/COD,
91330500766436502E,湖州中环水务有限责任公司,DW001,湖州中环水务有限责任公司,,,,NH3N/COD/NH3N/COD/NH3N/COD/COD/NH3N/COD/NH3N/COD/NH3N/COD/COD/NH3N/COD/NH3N/COD/NH3N/COD/NH3N/COD/COD/NH3N/COD/NH3N/TN/TP/TN/TP/COD/NH3N/TN/NH3N/TP/COD/COD/TN/TP/NH3N/COD/TP/NH3N/TN/TP/COD/TN/NH3N/COD/COD/COD/COD/COD/COD/NH3N/TN/TP/COD,
91330500786432381F,湖州诚信污水处理有限公司,DW001,湖州诚信污水处理有限公司总排口,,,,NH3N/COD/NH3N/COD/NH3N/COD/COD/NH3N/COD/NH3N/COD/NH3N/COD/COD/NH3N/COD/NH3N/COD/NH3N/COD/NH3N/COD/COD/NH3N/COD/NH3N/TN/TP/TN/TP/COD/NH3N/TN/NH3N/TP/COD/COD/TN/TP/NH3N/COD/TP/NH3N/TN/TP/COD/TN/NH3N/COD/COD/COD/COD/COD/COD/NH3N/TN/TP/COD,
913305006605864576,湖州双林水质净化有限公司,DW001,湖州双林水质净化有限公司废水排放口,,,,NH3N/COD/NH3N/COD/NH3N/COD/COD/NH3N/COD/NH3N/COD/NH3N/COD/COD/NH3N/COD/NH3N/COD/NH3N/COD/NH3N/COD/COD/NH3N/COD/NH3N/TN/TP/TN/TP/COD/NH3N/TN/NH3N/TP/COD/COD/TN/TP/NH3N/COD/TP/NH3N/TN/TP/COD/TN/NH3N/COD/COD/COD/COD/COD/COD/NH3N/TN/TP/COD,
913202057558662409,无锡市永平热镀锌有限公司,DW001,生活污水排放口,,,,NH3N/COD/NH3N/COD/NH3N/COD/COD/NH3N/COD/NH3N/COD/NH3N/COD/COD/NH3N/COD/NH3N/COD/NH3N/COD/NH3N/COD/COD/NH3N/COD/NH3N/TN/TP/TN/TP/COD/NH3N/TN/NH3N/TP/COD/COD/TN/TP/NH3N/COD/TP/NH3N/TN/TP/COD/TN/NH3N/COD/COD/COD/COD/COD/COD/NH3N/TN/TP/COD,
91320205725204983U,伟成(无锡)金属有限公司,DW001,污水接管口,,,,NH3N/COD/NH3N/COD/NH3N/COD/COD/NH3N/COD/NH3N/COD/NH3N/COD/COD/NH3N/COD/NH3N/COD/NH3N/COD/NH3N/COD/COD/NH3N/COD/NH3N/TN/TP/TN/TP/COD/NH3N/TN/NH3N/TP/COD/COD/TN/TP/NH3N/COD/TP/NH3N/TN/TP/COD/TN/NH3N/COD/COD/COD/COD/COD/COD/NH3N/TN/TP/COD,
91320205MA22CLY012,无锡达美喷涂有限公司,DW001,生活污水排放口,,,,NH3N/COD/NH3N/COD/NH3N/COD/COD/NH3N/COD/NH3N/COD/NH3N/COD/COD/NH3N/COD/NH3N/COD/NH3N/COD/NH3N/COD/COD/NH3N/COD/NH3N/TN/TP/TN/TP/COD/NH3N/TN/NH3N/TP/COD/COD/TN/TP/NH3N/COD/TP/NH3N/TN/TP/COD/TN/NH3N/COD/COD/COD/COD/COD/COD/NH3N/TN/TP/COD,
91320205713285982F,无锡苏纺纺织科技有限公司,DW001,生活污水（嘉吉染整生产废水总排口）,,,,NH3N/COD/NH3N/COD/NH3N/COD/COD/NH3N/COD/NH3N/COD/NH3N/COD/COD/NH3N/COD/NH3N/COD/NH3N/COD/NH3N/COD/COD/NH3N/COD/NH3N/TN/TP/TN/TP/COD/NH3N/TN/NH3N/TP/COD/COD/TN/TP/NH3N/COD/TP/NH3N/TN/TP/COD/TN/NH3N/COD/COD/COD/COD/COD/COD/NH3N/TN/TP/COD,
913202057624311499,无锡科捷化学有限公司,DW001,生活污水排放口,,,,NH3N/COD/NH3N/COD/NH3N/COD/COD/NH3N/COD/NH3N/COD/NH3N/COD/COD/NH3N/COD/NH3N/COD/NH3N/COD/NH3N/COD/COD/NH3N/COD/NH3N/TN/TP/TN/TP/COD/NH3N/TN/NH3N/TP/COD/COD/TN/TP/NH3N/COD/TP/NH3N/TN/TP/COD/TN/NH3N/COD/COD/COD/COD/COD/COD/NH3N/TN/TP/COD,
913202056282865181,无锡先进化药化工有限公司,DW001,V-109污水总排放口,,,,NH3N/COD/NH3N/COD/NH3N/COD/COD/NH3N/COD/NH3N/COD/NH3N/COD/COD/NH3N/COD/NH3N/COD/NH3N/COD/NH3N/COD/COD/NH3N/COD/NH3N/TN/TP/TN/TP/COD/NH3N/TN/NH3N/TP/COD/COD/TN/TP/NH3N/COD/TP/NH3N/TN/TP/COD/TN/NH3N/COD/COD/COD/COD/COD/COD/NH3N/TN/TP/COD,
91320205MA24KU3Y2Q,无锡市锡山中荷水务有限公司,DW001,废水总排口,,,,NH3N/COD/NH3N/COD/NH3N/COD/COD/NH3N/COD/NH3N/COD/NH3N/COD/COD/NH3N/COD/NH3N/COD/NH3N/COD/NH3N/COD/COD/NH3N/COD/NH3N/TN/TP/TN/TP/COD/NH3N/TN/NH3N/TP/COD/COD/TN/TP/NH3N/COD/TP/NH3N/TN/TP/COD/TN/NH3N/COD/COD/COD/COD/COD/COD/NH3N/TN/TP/COD,
